town	name	municipalStatus	municipalUrl	recreationUrl	libraryImportable	libraryManual	tier4Count	issues	hasAccessible	tier4Types
green-brook-township	Green Brook township	manual_review	https://www.greenbrooktwp.org/	https://www.greenbrooktwp.org/	0	0	1	downtown-sid-events	true	downtown-sid-events
warren-township	Warren township	importable	https://www.warrennj.org/calendar.aspx	https://www.warrennj.org/DocumentCenter/View/11321/2026-Recreation-Programs-Events3	1	0	4	municipal-supplemental-events|indoor-play-trampoline|kids-party-craft-venue|arboretum-family-programs	true	municipal-supplemental-events|indoor-play-trampoline|kids-party-craft-venue|arboretum-family-programs
dunellen-borough	Dunellen borough	manual_review	https://www.dunellen-nj.gov/	https://www.dunellen-nj.gov/departments/parks_and_recreation/index.php	1	0	1	downtown-sid-events	true	downtown-sid-events
north-plainfield-borough	North Plainfield borough	manual_review	https://northplainfieldnj.gov/	https://northplainfieldnj.gov/	1	0	1	municipal-supplemental-events	true	municipal-supplemental-events
middlesex-borough	Middlesex borough	importable	https://www.middlesexboro-nj.gov/calendar	https://www.middlesexboro-nj.gov/recreation	1	0	1	municipal-supplemental-events	true	municipal-supplemental-events
watchung-borough	Watchung borough	manual_review	https://watchungnj.gov/recreation-dates	https://watchungnj.gov/recreation-dates	1	0	3	municipal-supplemental-events|kids-gym-classes|indoor-playground	true	municipal-supplemental-events|kids-gym-classes|indoor-playground
plainfield-city	Plainfield city	manual_review	https://plainfieldsid.org/events-calendar	https://www.plainfieldnj.gov/	1	0	1	downtown-sid-events	true	downtown-sid-events
bound-brook-borough	Bound Brook borough	manual_review	https://boundbrook-nj.org/calendar/	https://boundbrook-nj.org/recreation/	0	0	1	municipal-supplemental-events	true	municipal-supplemental-events
long-hill-township	Long Hill township	manual_review	https://www.longhillnj.gov/calendar	https://www.longhillnj.gov/	1	0	1	municipal-supplemental-events	true	municipal-supplemental-events
south-bound-brook-borough	South Bound Brook borough	manual_review	https://sbbnj.com/events/	https://sbbnj.com/events/	0	0	1	downtown-sid-events	true	downtown-sid-events
south-plainfield-borough	South Plainfield borough	manual_review	https://www.southplainfieldnj.com/spnj/Departments/Departments/Recreation%20Department/Recreation%20Home/Recreation%20Calendar/	https://www.southplainfieldnj.com/recreation	1	0	2	municipal-supplemental-events|indoor-play-trampoline	true	municipal-supplemental-events|indoor-play-trampoline
berkeley-heights-township	Berkeley Heights township	importable	https://berkeleyheights.gov/calendar.aspx	https://www.berkeleyheights.gov/214/Recreation	1	0	1	downtown-sid-events	true	downtown-sid-events
piscataway-township	Piscataway township	manual_review	https://drupalpway.piscatawaynj.org/calendar	https://drupalpway.piscatawaynj.org/recreation/about-us	1	0	1	downtown-sid-events	true	downtown-sid-events
bernards-township	Bernards township	importable	https://www.bernards.org/resident-calendar	https://bernards.org/departments/recreation	1	0	3	municipal-supplemental-events|arts-center-family-programs|county-park-family-activities	true	municipal-supplemental-events|arts-center-family-programs|county-park-family-activities
fanwood-borough	Fanwood borough	manual_review	https://fanwoodnj.org/calendar/	https://fanwoodnj.org/departments/recreation-info/	1	0	1	municipal-supplemental-events	true	municipal-supplemental-events
scotch-plains-township	Scotch Plains township	manual_review	https://scotchplainsnj.gov/index.php/events	https://scotchplainsnj.gov/index.php/events	1	0	1	municipal-supplemental-events	true	municipal-supplemental-events
bridgewater-township	Bridgewater township	manual_review	https://www.bridgewaternj.gov/township-information/calendar	https://parks.bridgewaternj.gov/	1	0	10	municipal-supplemental-events|mall-events|retail-kids-events|bookstore-kids-events|store-creative-sessions|sensory-gym|kids-esports-stem|county-park-family-activities|county-park-family-activities|county-park-family-activities	true	municipal-supplemental-events|mall-events|retail-kids-events|bookstore-kids-events|store-creative-sessions|sensory-gym|kids-esports-stem|county-park-family-activities|county-park-family-activities|county-park-family-activities
new-providence-borough	New Providence borough	importable	https://www.newprov.us/calendar.aspx	https://www.newprov.us/191/community-activities	1	0	1	downtown-sid-events	true	downtown-sid-events
somerville-borough	Somerville borough	manual_review	https://www.somervillenj.org/calendar/	https://www.somervillenj.org/departments/recreation/	1	0	2	municipal-supplemental-events|downtown-sid-events	true	municipal-supplemental-events|downtown-sid-events
mountainside-borough	Mountainside borough	manual_review	https://www.mountainside-nj.com/	https://www.mountainside-nj.com/department/recreation/	1	0	1	municipal-supplemental-events	true	municipal-supplemental-events
summit-city	Summit city	importable	https://www.cityofsummit.org/Calendar.aspx	https://summitcommunityprograms.com/35/Events	1	0	1	downtown-sid-events	true	downtown-sid-events
manville-borough	Manville borough	importable	https://www.manvillenj.org/Calendar.aspx	https://www.manvillenj.org/308/Recreation	1	0	2	municipal-supplemental-events|indoor-playground	true	municipal-supplemental-events|indoor-playground
chatham-township	Chatham township	manual_review	https://www.chathamtownship.org/community-calendar/	https://www.chathamtownship.org/recreation/	0	0	1	downtown-sid-events	true	downtown-sid-events
westfield-town	Westfield town	importable	https://www.westfieldnj.gov/calendar.aspx	https://www.westfieldnj.gov/recreation/	0	0	1	downtown-sid-events	true	downtown-sid-events
harding-township	Harding township	importable	https://hardingnj.org/resident/calendar		0	0	1	downtown-sid-events	true	downtown-sid-events
far-hills-borough	Far Hills borough	manual_review	https://www.farhillsnj.org/calendar.php	https://www.farhillsnj.org/	1	0	2	public-garden-family-programs|festival-sports-family-events	true	public-garden-family-programs|festival-sports-family-events
metuchen-borough	Metuchen borough	importable	https://www.metuchennj.org/resident/calendar	https://www.metuchennj.org/resident/recreation	0	0	1	downtown-sid-events	true	downtown-sid-events
highland-park-borough	Highland Park borough	manual_review	https://www.hpboro.com/events/	https://www.hpboro.com/recreation/	0	0	1	downtown-sid-events	true	downtown-sid-events
raritan-borough	Raritan borough	manual_review	https://www.raritanboro.org/departments/recreation/	https://www.raritanboro.org/departments/recreation/	1	0	1	kids-music-classes-camps	true	kids-music-classes-camps
garwood-borough	Garwood borough	manual_review	https://www.garwood.org/community-calendar/	https://www.garwood.org/	0	0	1	downtown-sid-events	true	downtown-sid-events
clark-township	Clark township	importable	https://www.ourclark.com/calendar.aspx	https://www.ourclark.com/parks-recreation	0	0	1	downtown-sid-events	true	downtown-sid-events
new-brunswick-city	New Brunswick city	manual_review	https://www.cityofnewbrunswick.com/events/	https://www.cityofnewbrunswick.com/sports-recreation/	0	0	1	downtown-sid-events	true	downtown-sid-events
springfield-township	Springfield township	manual_review	https://www.springfieldtownshipnj.org/calendar	https://www.springfieldtownshipnj.org/	0	0	1	downtown-sid-events	true	downtown-sid-events
millstone-borough	Millstone borough	manual_review	https://millstoneboro.org/calendar.php	https://millstoneboro.org/	0	0	2	history-nature-family-programs|state-park-family-activities	true	history-nature-family-programs|state-park-family-activities
chatham-borough	Chatham borough	importable	https://www.chathamborough.org/resident/calendar	https://www.chathamborough.org/recreation/	0	0	1	downtown-sid-events	true	downtown-sid-events
cranford-township	Cranford township	importable	https://cranfordnj.org/calendar.aspx	https://cranfordnj.org/recreation/	0	0	1	downtown-sid-events	true	downtown-sid-events
franklin-township	Franklin township	manual_review	https://www.franklintwpnj.org/our-township/what-s-new/municipal-calendar-of-events	https://www.franklintwpnj.org/departments/recreation-and-parks	1	0	5	municipal-supplemental-events|county-park-family-activities|indoor-playground|farm-family-activities|kids-dance-art-camps	true	municipal-supplemental-events|county-park-family-activities|indoor-playground|farm-family-activities|kids-dance-art-camps
madison-borough	Madison borough	manual_review	https://www.madisonboro.org/		0	0	1	downtown-sid-events	true	downtown-sid-events
kenilworth-borough	Kenilworth borough	importable	https://www.kenilworthborough.com/calendar.aspx	https://www.kenilworthborough.com/recreation	0	0	1	downtown-sid-events	true	downtown-sid-events
millburn-township	Millburn township	importable	https://twp.millburn.nj.us/calendar.aspx	https://twp.millburn.nj.us/recreation/	0	0	1	downtown-sid-events	true	downtown-sid-events
branchburg-township	Branchburg township	manual_review	https://branchburg.nj.us/calendar.php	https://branchburg.nj.us/departments/recreation/index.php	0	0	2	indoor-play-toddler-program|science-planetarium-family-programs	true	indoor-play-toddler-program|science-planetarium-family-programs
union-township	Union township	importable	https://www.uniontownship.com/calendar.aspx	https://www.uniontownship.com/recreation/	0	0	1	downtown-sid-events	true	downtown-sid-events
maplewood-township	Maplewood township	manual_review	https://www.maplewoodnj.gov/calendar/	https://www.maplewoodnj.gov/recreation/	0	0	1	downtown-sid-events	true	downtown-sid-events
livingston-township	Livingston township	importable	https://www.livingstonnj.org/calendar.aspx	https://www.livingstonnj.org/recreation/	0	0	1	downtown-sid-events	true	downtown-sid-events
hillside-township	Hillside township	manual_review	https://www.hillsidetwp.com/events/	https://www.hillsidetwp.com/recreation/	0	0	1	downtown-sid-events	true	downtown-sid-events
south-orange-village-township	South Orange Village township	importable	https://www.southorange.org/calendar.aspx	https://www.southorange.org/recreation/	0	0	1	downtown-sid-events	true	downtown-sid-events
irvington-township	Irvington township	manual_review	https://irvingtonnj.gov/home/upcoming-events/	https://irvingtonnj.gov/recreation/	0	0	1	downtown-sid-events	true	downtown-sid-events
newark-city	Newark city	importable	https://www.newarknj.gov/calendar.aspx	https://www.newarknj.gov/community-and-recreation/	0	0	1	downtown-sid-events	true	downtown-sid-events
